{"cameraMode":{"drawMode":0,"name":"Shaded","section":"Shading Mode"},"sceneLighting":true,"audioPlay":false,"sceneViewState":{"m_AlwaysRefresh":false,"showFog":true,"showSkybox":true,"showFlares":true,"showImageEffects":true,"showParticleSystems":true,"showVisualEffectGraphs":true,"m_FxEnabled":true},"in2DMode":false,"pivot":{"x":-0.23704540729522706,"y":-0.06789982318878174,"z":0.04825389385223389},"rotation":{"x":-0.07831669598817826,"y":0.8668188452720642,"z":-0.14369702339172364,"w":-0.4712706208229065},"size":0.8546671271324158,"orthographic":true}